resname,resid,min_distance_nm,in_contact
ARG,110,0.1853134931930429,True
TYR,111,0.4066367835741511,False
THR,112,0.8836166873163789,False
ILE,113,0.8455560880047113,False
TRP,114,1.416622898769086,False
MET,115,1.7880888854427117,False
PRO,116,1.7747905970797824,False
GLU,117,2.166819926815689,False
ASN,118,2.0915742115823877,False
PRO,119,1.9602602425498294,False
ARG,120,1.4108831655524257,False
PRO,121,1.5499239281969421,False
GLY,122,1.2507795009089575,False
THR,123,0.9645093842125972,False
PRO,124,0.9090841302918489,False
CYS,125,0.5228247002347913,False
ASP,126,0.43752742781646187,False
ILE,127,0.5995895921017348,False
PHE,128,0.23947902799704357,True
THR,129,0.44569127662325303,False
ASN,130,0.23457291042125727,True
SER,131,0.25440446861807203,True
ARG,132,0.176028513333442,True
GLY,133,0.19879136340687104,True
LYS,134,0.18103318381448377,True
ARG,135,0.18399435519894264,True
ALA,136,0.37531444649317786,False
SER,137,0.15816420475229556,True
ASN,138,0.20208434151458904,True
GLY,139,0.17374977807789982,True
